User ID,Rowdy Baby,Vaathi Coming,Enjoy Enjaami,Why This Kolaveri Di,Aalaporan Thamizhan,Vaseegara,Marana Mass,Kannamma,Dippam Dappam,Anbe Anbe,Otha Sollaala,Mukkala Mukkabala,Maya Nadhi,Kannaana Kanne,Kaatru Veliyidai,Kalyana Vayasu,Danga Maari,Aathi,Selfie Pulla,Aathi Enna Nee,Thani Oruvan,Oru Naal Koothu,Vennilave,Mental Manadhil,Kutti Story,Pudhu Vellai Mazhai,Unnai Kaanadhu Naan,Adiye,Uyire,Kadhalan,Appadi Podu,Usure Pogudhey,Nenjukkul Peidhidum,Saarattu Vandiyila,Kannamma,Maduraikku Pogathadi,Dhevathaiyai
User1,2,1,4,1,1,1,3,5,3,1,5,1,1,2,1,5,5,2,3,5,2,1,5,4,2,1,4,4,3,5,4,1,2,4,1,4,4
User2,3,1,5,1,2,4,4,4,5,5,1,2,2,2,4,4,3,5,2,1,3,5,3,1,5,3,5,1,5,3,5,4,5,5,3,3,4
User3,3,1,2,5,4,3,5,3,2,2,1,1,5,3,2,5,5,2,1,5,5,5,5,5,5,2,3,5,5,3,3,5,5,1,1,3,5
User4,1,2,3,3,1,4,5,3,4,5,3,1,3,5,5,4,2,3,4,5,5,4,4,3,3,1,1,3,3,3,3,4,3,5,3,4,2
User5,3,2,1,2,2,2,3,2,3,1,4,1,2,3,1,3,2,2,5,4,1,3,5,2,5,4,2,1,5,1,2,4,4,1,3,2,4
User6,3,5,5,5,4,5,2,3,4,5,5,3,1,4,2,2,4,4,1,3,4,4,4,5,4,2,3,3,5,2,1,1,2,5,4,4,5
User7,5,5,4,1,1,5,5,1,2,3,5,2,4,4,4,2,4,1,3,1,3,5,1,2,5,1,1,2,4,1,4,1,4,4,5,1,3
User8,4,1,3,4,2,5,1,3,5,5,5,3,1,3,3,1,4,2,1,5,3,3,5,3,2,4,2,1,1,5,5,4,3,5,3,5,5
User9,2,1,4,5,5,3,2,2,5,4,3,2,3,4,1,5,5,3,5,1,4,4,1,1,3,4,1,4,4,4,1,5,3,2,3,5,2
User10,5,4,1,2,4,1,4,1,2,2,5,5,5,5,4,3,1,1,3,3,4,1,3,3,3,4,2,4,5,5,2,1,1,4,2,1,4
User11,2,1,2,3,5,3,2,3,3,2,4,5,5,4,4,1,1,3,3,2,1,5,3,3,4,2,4,5,1,1,1,3,4,1,1,2,5
User12,3,4,4,1,1,3,4,4,3,1,2,2,2,5,3,1,2,3,4,5,4,2,2,3,3,5,1,1,1,5,5,3,5,5,2,5,1
User13,5,3,2,3,5,4,5,3,1,1,1,1,3,4,1,4,1,1,4,3,2,2,2,4,5,5,5,1,1,3,5,5,3,2,5,3,1
User14,2,5,4,1,3,2,5,1,1,5,3,2,2,5,2,5,5,4,4,3,4,2,2,4,2,5,2,5,1,2,5,4,3,5,5,3,1
User15,3,4,4,2,1,3,3,3,3,5,3,5,4,3,3,5,1,4,4,1,2,2,3,4,2,5,5,4,5,2,1,1,2,3,2,5,3
User16,2,2,5,3,3,4,4,3,5,5,5,3,5,4,2,4,2,5,4,1,3,3,2,2,1,1,5,3,5,1,4,4,5,1,1,1,1
User17,5,3,4,5,1,1,1,1,1,4,3,3,3,5,5,1,2,4,5,2,4,1,2,3,2,5,3,1,3,1,4,4,1,3,3,3,3
User18,3,2,1,5,5,3,3,1,5,3,2,4,4,3,5,4,4,3,3,4,1,1,4,4,2,2,2,2,1,3,5,2,2,4,5,4,5
User19,1,3,2,3,1,4,1,2,5,2,4,3,5,1,2,1,2,3,4,2,2,3,4,3,1,2,1,1,3,2,4,5,2,3,3,5,3
User20,3,4,5,3,3,3,4,2,5,5,1,2,1,2,4,3,1,3,5,4,4,4,3,1,4,4,3,3,1,1,2,4,5,3,3,5,3
User21,5,3,4,4,1,5,1,4,3,2,3,2,3,4,1,2,3,5,4,5,1,4,1,5,2,5,3,3,3,2,1,5,5,5,4,2,3
User22,5,2,2,4,3,3,5,2,4,1,4,3,1,3,3,1,2,4,5,3,3,4,5,2,2,4,4,3,4,4,1,1,2,1,3,5,1
User23,3,1,4,4,3,5,3,2,4,2,3,4,1,4,3,3,3,5,1,1,5,5,1,1,2,2,2,3,3,3,1,2,5,3,1,5,4
User24,2,5,5,2,4,4,5,4,4,3,2,1,1,2,2,3,5,1,3,2,4,2,5,1,2,5,2,3,5,1,1,4,4,3,1,4,1
User25,2,5,4,5,5,5,4,4,5,3,1,3,4,3,3,2,1,3,1,1,4,3,4,3,3,5,5,1,5,1,1,5,1,2,1,3,5
User26,1,1,1,3,1,2,2,3,5,4,4,1,2,4,1,4,3,2,2,5,4,3,4,2,1,1,5,5,4,2,3,5,3,1,3,1,5
User27,3,4,2,2,5,5,5,2,3,2,5,4,2,2,3,5,1,2,3,2,5,1,4,2,2,2,1,1,1,5,3,5,5,5,2,2,1
User28,2,3,1,3,5,4,2,5,4,2,1,4,4,1,5,5,5,1,2,5,3,3,5,1,1,5,5,3,1,2,2,3,1,5,1,4,2
User29,3,4,1,1,2,3,4,3,3,3,4,1,2,4,2,4,4,5,3,4,3,1,2,1,3,3,5,3,2,1,3,2,3,3,1,4,3
User30,4,1,1,2,2,3,1,1,5,4,5,4,4,4,3,1,1,4,1,1,3,4,1,4,2,2,1,4,3,1,2,1,5,3,3,1,4
