Song ID,Song Name,Movie Name,Year,Artists,Overview,Mood,Genre,Crew
1,Un Perai Sollum,Angadi Theru,2010,"[Haricharan, Shreya Ghoshal]",A soul-stirring melody about the yearning and longing for a loved one.,Romantic,Melody,"[Vijay Antony, Vasanthabalan]"
2,Ayyayo,Paruthiveeran,2007,"[Karthik, Vijay Yesudas]",A song that expresses the heartache and pain of separation.,Melancholic,Folk,"[Yuvan Shankar Raja, Ameer]"
3,Ennamo Yeadho,Ko,2011,[Aalaap Raju],A peppy and light-hearted track reflecting on the confusion of love.,Fun,Pop,"[Harris Jayaraj, K. V. Anand]"
4,Mundhinam Parthene,Vaaranam Aayiram,2008,[Naresh Iyer],A breezy romantic track about the excitement of first love.,Romantic,Melody,"[Harris Jayaraj, Gautham Menon]"
5,Oru Devadhai,Vaamanan,2009,[Roopkumar Rathod],A soulful song about admiration for someone with angelic qualities.,Romantic,Melody,"[Yuvan Shankar Raja, Ahmed]"
6,Nenjukkul Peidhidum,Vaaranam Aayiram,2008,"[Hariharan, Devan Ekambaram]",A soothing romantic track about the deep emotions of love.,Romantic,Melody,"[Harris Jayaraj, Gautham Menon]"
7,Adiye Kolluthey,Vaaranam Aayiram,2008,"[Krish, Benny Dayal, Shruti Haasan]",A high-energy track that expresses the intensity of love and passion.,Energetic,Pop,"[Harris Jayaraj, Gautham Menon]"
8,Pookal Pookum,Madrasapattinam,2010,"[Harini, Roopkumar Rathod]",A melodious song that reflects the blossoming of love in a historical setting.,Romantic,Melody,"[G. V. Prakash Kumar, Vijay]"
9,Hasili Fisiliye,Aadhavan,2009,"[Karthik, Harini]",A fun and peppy song filled with flirtation and energy.,Fun,Pop,"[Harris Jayaraj, K. S. Ravikumar]"
10,Annul Maelae,Vaaranam Aayiram,2008,[Sudha Raghunathan],"A classical-infused romantic melody, filled with love and devotion.",Romantic,Classical,"[Harris Jayaraj, Gautham Menon]"
11,Kangal Irandal,Subramaniapuram,2008,"[Bellan, Deepa Mariam]",A soft romantic song that became a huge sensation for its simplicity.,Romantic,Folk,"[James Vasanthan, Sasikumar]"
12,Vizhiyil Vizhuntha,Ayan,2009,"[Harish Raghavendra, Harini]",A beautiful romantic track about falling in love at first sight.,Romantic,Pop,"[Harris Jayaraj, K. V. Anand]"
13,Sutrum Vizhi,Ghajini,2005,[Sadhana Sargam],A song celebrating the beauty of a lover's eyes.,Romantic,Melody,"[Harris Jayaraj, A. R. Murugadoss]"
14,Unakkul Naane,Pachaikili Muthucharam,2007,[Bombay Jayashree],A melancholic track reflecting the pain of a troubled relationship.,Sad,Melody,"[Harris Jayaraj, Gautham Menon]"
15,Mundhinam Parthene,Vaaranam Aayiram,2008,[Naresh Iyer],A romantic track that captures the excitement of a first love encounter.,Romantic,Pop,"[Harris Jayaraj, Gautham Menon]"
16,Naan Varuven,Raavanan,2010,[A. R. Rahman],A mysterious and intense song depicting inner struggles and destiny.,Melancholic,Soundtrack,"[A. R. Rahman, Mani Ratnam]"
17,Aariro Aarariro,Deiva Thirumagal,2011,[Haricharan],A heartwarming lullaby depicting a fatherâ€™s love for his child.,Calm,Melody,"[G. V. Prakash Kumar, Vijay]"
18,Oru Kal Oru Kannadi,Siva Manasula Sakthi,2009,[Yuvan Shankar Raja],A fun and carefree song about love and relationships.,Fun,Folk,"[Yuvan Shankar Raja, Rajesh]"
19,Engeyum Kadhal,Lesa Lesa,2008,[Bombay Jayashree],A hauntingly beautiful song about lost love and longing.,Romantic,Melody,"[Harris Jayaraj, Priyadarshan]"
20,Yedho Ondru,Paiyaa,2010,[Karthik],A feel-good romantic song about the thrill of new love.,Romantic,Pop,"[Yuvan Shankar Raja, N. Lingusamy]"
21,Vizhi Moodi,Ayan,2009,"[Karthik, Bombay Jayashree]",A beautiful duet expressing the feeling of being deeply in love.,Romantic,Melody,"[Harris Jayaraj, K. V. Anand]"
22,Vaazhkaiye Vesham,Pudhupettai,2006,[Dhanush],"A reflective song about life and its challenges, set in the underworld.",Melancholic,Folk,"[Yuvan Shankar Raja, Selvaraghavan]"
23,Oru Maalai,Ghajini,2005,[Karthik],A melodious and romantic track about waiting in anticipation for a loved one.,Romantic,Melody,"[Harris Jayaraj, A. R. Murugadoss]"
24,Aathi Chudi,Naadodigal,2009,"[Karthik, Harini]",A folk-inspired track that conveys the vibrancy and energy of village life.,Energetic,Folk,"[Sundar C. Babu, Samuthirakani]"
25,Unakkul Naane,Pachaikili Muthucharam,2007,[Bombay Jayashree],A melancholic and heartwrenching song about emotional turmoil.,Melancholic,Folk,"[Harris Jayaraj, Gautham Menon]"
26,Nenjukkul Peidhidum,Vaaranam Aayiram,2008,"[Hariharan, Devan Ekambaram]",A soulful romantic track about the deep emotional connection between lovers.,Romantic,Melody,"[Harris Jayaraj, Gautham Menon]"
27,Adiye Kolluthey,Vaaranam Aayiram,2008,"[Krish, Benny Dayal, Shruti Haasan]",An energetic song expressing the overwhelming power of love.,Energetic,Pop,"[Harris Jayaraj, Gautham Menon]"
28,Kangal Irandal,Subramaniapuram,2008,"[Bellan, Deepa Mariam]",A soft romantic track filled with raw emotions.,Romantic,Folk,"[James Vasanthan, Sasikumar]"
29,Oru Chinnam,Vettaiyaadu Vilaiyaadu,2006,[Haris Raghavendra],A romantic song set against the backdrop of a police officer's life.,Romantic,Soundtrack,"[Harris Jayaraj, Gautham Menon]"
30,Akkam Pakkam,Kireedam,2007,[Sadhana Sargam],A melodious song about the beauty of a couple's relationship.,Romantic,Melody,"[G. V. Prakash Kumar, Vijay]"
31,Yaaradi Nee Mohini,Yaaradi Nee Mohini,2008,"[Hariharan, Sadhana Sargam]",A romantic track that is a playful ode to the woman who stole his heart.,Romantic,Folk,"[Yuvan Shankar Raja, Mithran Jawahar]"
32,Kadhal Valarthen,Manmadhan,2005,[Yuvan Shankar Raja],A melancholic track about the pain and struggle of unrequited love.,Sad,Folk,"[Yuvan Shankar Raja, Silambarasan]"
33,Vaseegara,Minnale,2005,[Bombay Jayashree],A soft romantic song that has become an anthem of love.,Romantic,Melody,"[Harris Jayaraj, Gautham Menon]"
34,June Ponaal,Unnale Unnale,2007,"[Krishna, Haricharan]",A breezy love song narrating the freshness of a new relationship.,Romantic,Pop,"[Harris Jayaraj, Jeeva]"
35,Poovukkul,Sivaji,2007,"[Hariharan, Chinmayi]",A song that praises the beauty of the heroine.,Romantic,Folk,"[A. R. Rahman, Shankar]"
36,Manjal Veyil,Vettaiyaadu Vilaiyaadu,2006,"[Hariharan, Vijay Yesudas]",A romantic number filled with heartfelt emotions.,Romantic,Melody,"[Harris Jayaraj, Gautham Menon]"
37,Unn Perai Sollum,Angadi Theru,2010,"[Haricharan, Shreya Ghoshal]",A soul-stirring melody about the yearning and longing for a loved one.,Romantic,Melody,"[Vijay Antony, Vasanthabalan]"
38,Enna Idhu,Nala Damayanthi,2003,"[Unni Menon, Mahalakshmi Iyer]","A soft, melodious track about a budding romance.",Romantic,Folk,"[Ramesh Vinayakam, Mouli]"
39,Sakkarakatti,Sakkarakatti,2008,[Naresh Iyer],"A vibrant, energetic number about falling in love.",Fun,Pop,"[A. R. Rahman, Kalaprabhu]"
40,Uyirin Uyire,Kaakha Kaakha,2003,"[Hariharan, Mahalakshmi Iyer]",A passionate love song depicting intense emotions between the lead characters.,Romantic,Soundtrack,"[Harris Jayaraj, Gautham Menon]"
41,Munbe Vaa,Sillunu Oru Kaadhal,2006,"[Shreya Ghoshal, Naresh Iyer]",A soulful romantic melody that conveys the deep emotions of love and longing.,Romantic,Melody,"[A. R. Rahman, A. C. Durai]"
42,Oru Maalai,Ghajini,2005,[Karthik],A soothing song about waiting for a loved one with hope and longing.,Melancholic,Soundtrack,"[Harris Jayaraj, Murugadoss]"
43,Devathaiyai Kanden,Kadhal Kondein,2003,[Harish Raghavendra],A melancholic track that expresses a heartbroken man's feelings.,Sad,Soundtrack,"[Yuvan Shankar Raja, Selvaraghavan]"
44,Appadi Podu,Ghilli,2004,"[Kay Kay, Anuradha Sriram]",A peppy dance number that became a sensation across Tamil Nadu.,Energetic,Folk,"[Vidyasagar, Dharani]"
45,Suttum Vizhi,Ghajini,2005,[Sadhana Sargam],A love ballad that speaks about the beauty and charm of a lover's eyes.,Romantic,Melody,"[Harris Jayaraj, Murugadoss]"
46,Kaatre En Vaasal,Rhythm,2000,[Hariharan],A soothing melody portraying the beauty of nature and love.,Calm,Soundtrack,"[A. R. Rahman, Vasanth]"
47,Kannaalane,Bombay,2000,[K. S. Chithra],A romantic song about a woman's affection and admiration for her lover.,Romantic,Melody,"[A. R. Rahman, Mani Ratnam]"
48,Sollamal Thottu Chellum,Dheena,2001,[Hariharan],A passionate love song that explores the depth of emotions.,Romantic,Melody,"[Yuvan Shankar Raja, A. R. Murugadoss]"
49,Uyire Uyire,Bombay,2000,"[Hariharan, K. S. Chithra]",A timeless song that conveys intense longing for a loved one.,Romantic,Melody,"[A. R. Rahman, Mani Ratnam]"
50,Anbe En Anbe,Dhaam Dhoom,2002,"[Harish Raghavendra, Mahalakshmi Iyer]",A passionate melody where the lovers express their emotions.,Romantic,Soundtrack,"[Harris Jayaraj, Jeeva]"
51,Vaseegara,Minnale,2001,[Bombay Jayashri],A soft romantic song that has become an anthem of love.,Romantic,Soundtrack,"[Harris Jayaraj, Gautham Menon]"
52,Ragasiyamai,Baba,2002,[Hariharan],A song that delves into mysticism and spiritual introspection.,Spiritual,Soundtrack,"[A. R. Rahman, Rajinikanth]"
53,Oru Thadavai Solli,Run,2002,[Shankar Mahadevan],A motivating song encouraging to seize every opportunity.,Energetic,Folk,"[Vidyasagar, Lingusamy]"
54,Azhagiya Theeye,Minnale,2001,[Harish Raghavendra],A fun-filled song about admiring someone from afar.,Fun,Soundtrack,"[Harris Jayaraj, Gautham Menon]"
55,Manmadhane Nee,Manmadhan,2004,[Sadhana Sargam],A song about admiration and infatuation.,Romantic,Soundtrack,"[Yuvan Shankar Raja, A. J. Murugan]"
56,Devathai Pol Oru Pen,Vaseegara,2000,[Harini],A poetic song expressing admiration for a divine woman.,Romantic,Folk,"[Yuvan Shankar Raja, Bala]"
57,Kadhal Sadugudu,Alaipayuthey,2000,[S.P. Balasubrahmanyam],A love anthem that conveys the innocence of young love.,Romantic,Melody,"[A. R. Rahman, Mani Ratnam]"
58,Mudhal Mudhal Mazhai,Boys,2003,"[Karthik, Vasundhara Das]",A youthful song celebrating the joy of love.,Romantic,Pop,"[A. R. Rahman, Shankar]"
59,Sakkarai Nilave,Youth,2002,"[Hariharan, Anuradha Sriram]",A playful romantic song highlighting the sweetness of love.,Fun,Folk,"[Mani Sharma, Vincent Selva]"
60,June Ponaal,Unnale Unnale,2005,"[Krishna, Haricharan]",A breezy love song narrating the freshness of a new relationship.,Romantic,Pop,"[Harris Jayaraj, Jeeva]"
61,Oru Naalil,Pudhupettai,2006,[Yuvan Shankar Raja],A reflective track that explores the nature of change and life.,Melancholic,Soundtrack,"[Yuvan Shankar Raja, Selvaraghavan]"
62,Thaniye Thananthaniye,Rhythm,2000,[Shankar Mahadevan],A contemplative song about solitude and peace.,Calm,Soundtrack,"[A. R. Rahman, Vasanth]"
63,Kannai Katti,Nanda,2001,[Hariharan],A mysterious and emotional song that delves into inner turmoil.,Melancholic,Soundtrack,"[Yuvan Shankar Raja, Bala]"
64,Kaatre En Vaasal,Rhythm,2000,[Hariharan],A melodious track highlighting the serene moments of love.,Calm,Soundtrack,"[A. R. Rahman, Vasanth]"
65,Ennavale Adi Ennavale,Kadhalan,2004,[Unni Menon],A heart-wrenching love song filled with deep emotions.,Romantic,Melody,"[A. R. Rahman, Shankar]"
66,Enge Enadhu Kavithai,Kandukondain Kandukondain,2000,[Chithra],A song of reflection about lost love.,Melancholic,Melody,"[A. R. Rahman, Rajiv Menon]"
67,Vaaji Vaaji,Sivaji,2007,"[Hariharan, Madhushree]",A celebratory song about beauty and triumph.,Celebratory,Folk,"[A. R. Rahman, Shankar]"
68,Kannathil Muthamittal,Kannathil Muthamittal,2002,[Jayachandran],A song about the innocence and purity of a child's kiss.,Romantic,Folk,"[A. R. Rahman, Mani Ratnam]"
69,Sandai Kozhi,Aayutha Ezhuthu,2004,[Hariharan],A high-energy track that focuses on battles and survival.,Energetic,Mass,"[A. R. Rahman, Mani Ratnam]"
70,Konjum Mainakkale,Kandukondain Kandukondain,2000,[Shankar Mahadevan],A melodious song filled with admiration and wonder.,Romantic,Folk,"[A. R. Rahman, Rajiv Menon]"
71,Kannum Kannum Nokia,Anniyan,2005,[Leslie Lewis],A peppy number filled with zest and energy.,Energetic,Pop,"[Harris Jayaraj, Shankar]"
72,Narumugaiye,Iruvar,2001,"[Unnikrishnan, Bombay Jayashri]",A classical song about admiring the beauty of a lover.,Romantic,Classical,"[A. R. Rahman, Mani Ratnam]"
73,Pookkalae Satru Oivedungal,I,2004,"[Haricharan, Shreya Ghoshal]",A poetic love song filled with mesmerizing music.,Romantic,Folk,"[A. R. Rahman, Shankar]"
74,Why This Kolaveri Di,3,2012,"[Dhanush, Anirudh Ravichander]",A humorous song expressing the frustration of love failure.,Fun,Pop,"[Anirudh Ravichander, Aishwarya R. Dhanush]"
75,Vaaya Moodi Summa Iruda,Mugamoodi,2012,"[Aalaap Raju, Chinmayi]",A fun and playful track that reflects on carefree moments.,Fun,Pop,"[K, Mysskin]"
76,Elay Keechan,Kadal,2013,"[A. R. Rahman, Abhay Jodhpurkar]","A breezy, adventurous track about the joy of fishing and life near the sea.",Happy,Folk,"[A. R. Rahman, Mani Ratnam]"
77,Anbin Vaasale,Kochadaiiyaan,2014,[Haricharan],An emotional song about seeking solace and divine love.,Melancholic,Classical,"[A. R. Rahman, Soundarya Rajinikanth]"
78,Po Indru Neeyaga,VIP,2014,[Anirudh Ravichander],A soulful track about the beauty of love and togetherness.,Romantic,Melody,"[Anirudh Ravichander, Velraj]"
79,Oodhungada Sangu,VIP,2014,"[Anirudh Ravichander, Velmurugan]",A high-energy song about breaking free from challenges.,Energetic,Pop,"[Anirudh Ravichander, Velraj]"
80,Kannaana Kanne,Naanum Rowdy Dhaan,2015,[Sid Sriram],A melodious track reflecting the feelings of love and admiration.,Romantic,Melody,"[Anirudh Ravichander, Vignesh Shivan]"
81,Aathi,Kaththi,2014,"[Vijay, Anirudh Ravichander]",A romantic song with a modern vibe celebrating love.,Romantic,Pop,"[Anirudh Ravichander, A. R. Murugadoss]"
82,Ennodu Nee Irundhaal,I,2015,"[Sid Sriram, Sunitha Sarathy]",A powerful romantic ballad about staying together against all odds.,Romantic,Melody,"[A. R. Rahman, Shankar]"
83,Pookkale Satru Oyivedungal,I,2015,"[Haricharan, Shreya Ghoshal]",A soul-stirring romantic number reflecting deep love and affection.,Romantic,Melody,"[A. R. Rahman, Shankar]"
84,Selfie Pulla,Kaththi,2014,"[Vijay, Sunidhi Chauhan]","A fun, upbeat track filled with energy and modern beats.",Fun,Pop,"[Anirudh Ravichander, A. R. Murugadoss]"
85,Unakkenna Venum Sollu,Yennai Arindhaal,2015,"[Benny Dayal, Mahathi]",A soothing track about the search for love and peace.,Romantic,Melody,"[Harris Jayaraj, Gautham Menon]"
86,Mersalaayitten,I,2015,"[Anirudh Ravichander, Neeti Mohan]",A peppy and lively song filled with playful energy.,Fun,Pop,"[A. R. Rahman, Shankar]"
87,Usure Pogudhey,Raavanan,2010,[Karthik],A melancholic track reflecting the internal struggle of a complex relationship.,Sad,Folk,"[A. R. Rahman, Mani Ratnam]"
88,Azhagiye,Kaatru Veliyidai,2015,"[Arjun Chandy, Haricharan]",A romantic track expressing the excitement of love in scenic settings.,Romantic,Melody,"[A. R. Rahman, Mani Ratnam]"
89,Danga Maari Oodhari,Anegan,2015,"[Dhanush, Marana Gana Viji]",A fun and energetic track filled with local flavor and street-style beats.,Energetic,Folk,"[Harris Jayaraj, K. V. Anand]"
90,Nee Sonna,Vaalu,2015,[Silambarasan],A light-hearted romantic song about wooing a loved one.,Fun,Pop,"[S. Thaman, Vijay Chander]"
91,Aathichudi,Yennai Arindhaal,2015,[Harris Jayaraj],"A vibrant track filled with energy and vigor, celebrating cultural roots.",Energetic,Folk,"[Harris Jayaraj, Gautham Menon]"
92,Mental Manadhil,O Kadhal Kanmani,2015,"[A. R. Rahman, Jonita Gandhi]",A peppy track expressing the carefree excitement of love.,Fun,Pop,"[A. R. Rahman, Mani Ratnam]"
93,Kaara Aattakkaara,O Kadhal Kanmani,2015,"[A. R. Rahman, Darshana]",A refreshing track symbolizing the playfulness and joy of romance.,Fun,Pop,"[A. R. Rahman, Mani Ratnam]"
94,Enga Pona Raasa,Maryan,2013,[Shakthisree Gopalan],A soulful song depicting the pain of waiting for a loved one.,Melancholic,Melody,"[A. R. Rahman, Bharat Bala]"
95,Irumbile Oru Irudhaiyam,Enthiran,2010,"[A. R. Rahman, Kash 'n' Krissy]","A modern, futuristic track with robotic elements, celebrating love in a unique way.",Fun,Electronic,"[A. R. Rahman, Shankar]"
96,Boomi Enna Suthudhe,Ethir Neechal,2013,[Anirudh Ravichander],A fun and inspirational track about pursuing one's dreams.,Energetic,Pop,"[Anirudh Ravichander, R. S. Durai Senthilkumar]"
97,Yele Yele,Raja Rani,2013,[Shakthisree Gopalan],A refreshing romantic number filled with youthful energy.,Romantic,Pop,"[G. V. Prakash Kumar, Atlee]"
98,Anandha Yaazhai,Thanga Meengal,2013,[Sriram Parthasarathy],A heartwarming song about a father's love for his daughter.,Calm,Folk,"[Yuvan Shankar Raja, Ram]"
99,Oore Oore,Ethir Neechal,2013,"[Dhanush, Anirudh Ravichander]",A song about perseverance and self-motivation.,Energetic,Folk,"[Anirudh Ravichander, R. S. Durai Senthilkumar]"
100,Kanave Kanave,David,2013,[Anirudh Ravichander],A melancholic track expressing the pain of unfulfilled dreams.,Sad,Melody,"[Anirudh Ravichander, Bejoy Nambiar]"
101,Neeyum Naanum,Naanum Rowdy Dhaan,2015,"[Neeti Mohan, Anirudh Ravichander]",A romantic duet filled with chemistry and light-hearted emotions.,Romantic,Pop,"[Anirudh Ravichander, Vignesh Shivan]"
102,Kadhal Ara Onnu,Vaalu,2015,"[Silambarasan, Andrea Jeremiah]",A light romantic song about the playful pursuit of love.,Romantic,Pop,"[S. Thaman, Vijay Chander]"
103,Yaarumilla,Kaaviya Thalaivan,2014,"[Shwetha Mohan, Srinivas]",A classical-based romantic song reflecting emotional depth.,Romantic,Classical,"[A. R. Rahman, Vasanthabalan]"
104,Chillena,Raja Rani,2013,"[Neeti Mohan, Vijay Prakash]",A breezy song that conveys relaxation and the feeling of living in the moment.,Chill,Pop,"[G. V. Prakash Kumar, Atlee]"
105,Kannukkul Pothivaippen,Thalaivaa,2013,[G. V. Prakash Kumar],A romantic song filled with affection and devotion.,Romantic,Pop,"[G. V. Prakash Kumar, A. L. Vijay]"
106,Velai Illa Pattadhaari,VIP,2014,[Dhanush],A motivational song about the struggles and perseverance of a jobless man.,Energetic,Folk,"[Anirudh Ravichander, Velraj]"
107,Amma Amma,VIP,2014,"[S. Janaki, Dhanush]",A deeply emotional track about a son's love for his mother.,Melancholic,Folk,"[Anirudh Ravichander, Velraj]"
108,Ennodu Nee Irundhaal,I,2015,[Sid Sriram],A powerful ballad about staying together in the face of adversity.,Romantic,Melody,"[A. R. Rahman, Shankar]"
109,Ithu Kaadhal Kaadhal Kaadhal Da,Jilla,2014,"[Shreya Ghoshal, K. G. Ranjith]",A peppy track that celebrates love with upbeat tunes.,Fun,Pop,"[D. Imman, R. T. Neason]"
110,Vizhigalil Oru Vaanavil,Deiva Thirumagal,2011,[G. V. Prakash Kumar],A heartwarming song about hope and love.,Romantic,Melody,"[G. V. Prakash Kumar, A. L. Vijay]"
111,Nenjukkule,Kadal,2013,[Shakthisree Gopalan],A soulful song about yearning and love.,Melancholic,Melody,"[A. R. Rahman, Mani Ratnam]"
112,Unnai Pol Oruvan,Vishwaroopam,2013,"[Kamal Haasan, Shankar Mahadevan]",A powerful song questioning societal norms and justice.,Serious,Folk,"[Shankar Ehsaan Loy, Kamal Haasan]"
113,Idhazhin Oram,3,2012,[Ajeesh Ashok],A light and refreshing romantic song.,Romantic,Melody,"[Anirudh Ravichander, Aishwarya R. Dhanush]"
114,Vinnai Thandi Varuvaya,Engeyum Kadhal,2011,"[Devan Ekambaram, Naresh Iyer]","A fun, peppy number about love and excitement.",Fun,Pop,"[Harris Jayaraj, Prabhu Deva]"
115,Yaaro Ivan,Udhayam NH4,2013,[G. V. Prakash Kumar],A melancholic song about love and loss.,Melancholic,Folk,"[G. V. Prakash Kumar, Manimaran]"
116,Kadhal Anukkal,Enthiran,2010,"[Vijay Prakash, Shreya Ghoshal]",A fun romantic song set in a futuristic world.,Fun,Electronic,"[A. R. Rahman, Shankar]"
117,En Fuse Pochu,Velaiyilla Pattathari,2014,[Anirudh Ravichander],A high-energy song filled with humorous lines.,Fun,Pop,"[Anirudh Ravichander, Velraj]"
118,Kutty Story,Master,2021,"[Vijay, Anirudh Ravichander]","A fun, motivational song about living life without stress.",Motivational,Pop,"[Anirudh Ravichander, Lokesh Kanagaraj]"
119,Chellamma,Doctor,2021,"[Anirudh Ravichander, Jonita Gandhi]",A peppy love song with a catchy beat and humorous lyrics.,Fun,Pop,"[Anirudh Ravichander, Nelson Dilipkumar]"
120,Vaathi Coming,Master,2021,"[Anirudh Ravichander, Gana Balachandar]",A high-energy folk-pop fusion that became a viral dance hit.,Energetic,Folk,"[Anirudh Ravichander, Lokesh Kanagaraj]"
121,Rakita Rakita,Jagame Thandhiram,2021,"[Dhanush, Santhosh Narayanan]","A vibrant, celebratory song with upbeat rhythms.",Energetic,Folk,"[Santhosh Narayanan, Karthik Subbaraj]"
122,So Baby,Doctor,2021,"[Anirudh Ravichander, Ananthakrrishnan]","A fun, playful song with electronic beats.",Fun,Pop,"[Anirudh Ravichander, Nelson Dilipkumar]"
123,Oru Manam,Dhruva Natchathiram,2021,"[Karthik, Chinmayi]",A romantic song expressing deep emotional connection.,Romantic,Melody,"[Harris Jayaraj, Gautham Menon]"
124,Polakatum Para Para,Sulthan,2021,"[Vivek-Mervin, Silambarasan TR]",A folk-based energetic track celebrating rural traditions.,Energetic,Folk,"[Vivek-Mervin, Bakkiyaraj Kannan]"
125,Meherezylaa,Maanaadu,2021,"[Yuvan Shankar Raja, Rizwan]","A trendy, upbeat track with a touch of retro vibes.",Fun,Pop,"[Yuvan Shankar Raja, Venkat Prabhu]"
126,Jalabulajangu,Don,2022,[Anirudh Ravichander],A fun song with catchy beats celebrating youthful spirit.,Fun,Pop,"[Anirudh Ravichander, Cibi Chakaravarthi]"
127,Adiye,Bachelor,2021,[Dhibu Ninan Thomas],"A mellow, soulful song about intense love and longing.",Romantic,Melody,"[Dhibu Ninan Thomas, Sathish Selvakumar]"
128,Pathala Pathala,Vikram,2022,"[Kamal Haasan, Anirudh Ravichander]","A foot-tapping, energetic folk song with witty lyrics.",Energetic,Folk,"[Anirudh Ravichander, Lokesh Kanagaraj]"
129,Arabic Kuthu,Beast,2022,"[Anirudh Ravichander, Jonita Gandhi]","A fun, catchy song blending Arabic sounds with Tamil beats.",Fun,Pop,"[Anirudh Ravichander, Nelson Dilipkumar]"
130,Two Two Two,Kaathuvaakula Rendu Kaadhal,2022,"[Anirudh Ravichander, Sunidhi Chauhan]",A lively song about a quirky love triangle.,Fun,Pop,"[Anirudh Ravichander, Vignesh Shivan]"
131,Naan Pizhai,Kaathuvaakula Rendu Kaadhal,2022,"[Anirudh Ravichander, Ravi G]",A soulful melody about lost love and longing.,Melancholic,Melody,"[Anirudh Ravichander, Vignesh Shivan]"
132,Pathala,Thiruchitrambalam,2022,"[Dhanush, Anirudh Ravichander]",A fun folk-inspired track celebrating a carefree life.,Fun,Folk,"[Anirudh Ravichander, Mithran Jawahar]"
133,Vaa Vaathi,Vaathi,2023,[G. V. Prakash Kumar],An inspirational song about the importance of education.,Motivational,Melody,"[G. V. Prakash Kumar, Venky Atluri]"
134,Marakkuma Nenjam,Vendhu Thanindhathu Kaadu,2022,"[A. R. Rahman, Sarthak Kalyani]",An emotional and haunting song about fear and survival.,Melancholic,Melody,"[A. R. Rahman, Gautham Menon]"
135,Yenjathe,Etharkkum Thunindhavan,2022,[G. V. Prakash Kumar],A motivational song about courage and self-confidence.,Motivational,Folk,"[D. Imman, Pandiraj]"
136,Private Party,Don,2022,"[Anirudh Ravichander, Jonita Gandhi]",A high-energy dance track with funky beats.,Energetic,Pop,"[Anirudh Ravichander, Cibi Chakaravarthi]"
137,Ponni Nadhi,Ponniyin Selvan,2022,"[A. R. Rahman, AR Raihanah]",A folk-inspired song about the beauty of nature.,Inspiring,Folk,"[A. R. Rahman, Mani Ratnam]"
138,Sol,Sita Ramam,2022,"[Yazin Nizar, Chinmayi]",A sweet romantic melody set against a scenic backdrop.,Romantic,Melody,"[Vishal Chandrasekhar, Hanu Raghavapudi]"
139,Thumbi Thullal,Cobra,2022,"[Shreya Ghoshal, Nakul Abhyankar]",A lighthearted song filled with romantic playfulness.,Romantic,Folk,"[A. R. Rahman, Ajay Gnanamuthu]"
140,Thandatti Karuppayi,Viruman,2022,[Yuvan Shankar Raja],"A powerful, folk number celebrating rural traditions.",Energetic,Folk,"[Yuvan Shankar Raja, Muthaiya]"
141,Vizhiyile,Oh My Kadavule,2020,[Sid Sriram],"A soft, emotional love song expressing heartfelt emotions.",Romantic,Melody,"[Leon James, Ashwath Marimuthu]"
142,Aga Naga,Ponniyin Selvan 2,2023,[Shakthisree Gopalan],A serene romantic melody with lush instrumentation.,Romantic,Melody,"[A. R. Rahman, Mani Ratnam]"
143,Rendu Kaadhal,Kaathuvaakula Rendu Kaadhal,2022,"[Anirudh Ravichander, Ravi G]","A quirky, fun song about a love triangle.",Fun,Pop,"[Anirudh Ravichander, Vignesh Shivan]"
144,Sol Sol,Sardar,2022,[Sid Sriram],"A melodious, emotional track about overcoming challenges.",Melancholic,Melody,"[G. V. Prakash Kumar, P. S. Mithran]"
145,Chilla Chilla,Thunivu,2023,[Anirudh Ravichander],"A high-octane, energetic song about confidence and style.",Energetic,Pop,"[Ghibran, H. Vinoth]"
146,Meherezylaa,Maanadu,2021,[Yuvan Shankar Raja],"A playful, fun track with contemporary beats.",Fun,Pop,"[Yuvan Shankar Raja, Venkat Prabhu]"
147,Mayakirriye,Don,2022,"[Anirudh Ravichander, Shweta Mohan]",A peppy song about playful love.,Fun,Pop,"[Anirudh Ravichander, Cibi Chakaravarthi]"
148,Veyyon Silli,Soorarai Pottru,2020,[Harish Sivaramakrishnan],An uplifting folk song about dreams and aspirations.,Inspiring,Folk,"[G. V. Prakash Kumar, Sudha Kongara]"
149,Breakup Song,Beast,2022,[Anirudh Ravichander],"A peppy, humorous take on post-breakup life.",Fun,Pop,"[Anirudh Ravichander, Nelson Dilipkumar]"
150,Thaniye Thananthaniye,Kuruthi Aattam,2022,[Yuvan Shankar Raja],"A powerful, emotional track about solitude and reflection.",Melancholic,Melody,"[Yuvan Shankar Raja, Srikanth]"
151,Sandhanam,Master,2021,[Anirudh Ravichander],An intense song with heavy beats and an action-packed feel.,Energetic,Pop,"[Anirudh Ravichander, Lokesh Kanagaraj]"
152,Oru Jaathi Oru Matham,Cobra,2022,[Sivam],An emotional song about equality and humanity.,Inspiring,Folk,"[A. R. Rahman, Ajay Gnanamuthu]"
153,Soul of Varisu,Varisu,2023,[K. S. Chithra],A heart-touching song about love and family.,Emotional,Melody,"[Thaman S, Vamshi Paidipally]"
154,Manasil,Oh My Kadavule,2020,[Sid Sriram],A slow romantic ballad expressing deep love.,Romantic,Melody,"[Leon James, Ashwath Marimuthu]"
155,Anbarey,Bigil,2020,[Sid Sriram],"A motivational, emotional song about achieving one's dreams.",Inspiring,Melody,"[A. R. Rahman, Atlee]"
156,Jolly O Gymkhana,Beast,2022,"[Vijay, Anirudh Ravichander]","A fun, upbeat party song celebrating life's joys.",Fun,Pop,"[Anirudh Ravichander, Nelson Dilipkumar]"
157,Etharkum Thunindhavan Title Track,Etharkum Thunindhavan,2022,[D. Imman],An inspiring track about bravery and taking risks.,Inspiring,Folk,"[D. Imman, Pandiraj]"
158,Mudhal Nee Mudivum Nee,Mudhal Nee Mudivum Nee,2022,[Darbuka Siva],A nostalgic melody about first love and lost opportunities.,Melancholic,Melody,"[Darbuka Siva, Darbuka Siva]"
159,Yaathi Yaathi,Yaanai,2022,"[Anirudh Ravichander, Haricharan]",A high-energy track celebrating love and togetherness.,Fun,Folk,"[G. V. Prakash Kumar, Hari]"
160,Master the Blaster,Master,2021,[Anirudh Ravichander],"A fun, upbeat song that became an anthem for action-lovers.",Fun,Pop,"[Anirudh Ravichander, Lokesh Kanagaraj]"
161,Unna Nenachu,Psycho,2020,[Sid Sriram],"A soulful, melancholic song about unrequited love.",Melancholic,Melody,"[Ilaiyaraaja, Mysskin]"
162,Adchithooku,Viswasam,2019,"[D. Imman, Aditya Gadhavi]",A high-energy song celebrating rural life and bravery.,Energetic,Folk,"[D. Imman, Siva]"
163,Ennodu Nee Irundhaal,I,2015,"[Sid Sriram, A. R. Rahman]",A heartbreaking song about unfulfilled love and longing.,Sad,Melody,"[A. R. Rahman, Shankar]"
164,Kannukkul Pothivaippen,Thuppakki,2012,[Hariharan],A soulful melody that conveys the deep pain of separation.,Sad,Melody,"[Harris Jayaraj, A. R. Murugadoss]"
165,Yaar Azhaippadhu,Kaatru Veliyidai,2017,"[A. R. Rahman, Sathyaprakash]",A melancholic song depicting the loneliness of a lost soul.,Sad,Melody,"[A. R. Rahman, Mani Ratnam]"
166,Nenjukkul Peidhidum,Vaaranam Aayiram,2008,"[Hariharan, Devan Ekambaram]",A nostalgic song about lost love and memories.,Sad,Melody,"[Harris Jayaraj, Gautham Menon]"
167,Anbe Aaruyire,Anbe Aaruyire,2005,"[A. R. Rahman, Sujatha Mohan]",A sad melody expressing heartbreak and emotional turmoil.,Sad,Melody,"[A. R. Rahman, S. J. Surya]"
168,Unna Nenachu,Psycho,2020,[Sid Sriram],A poignant melody about unrequited love and longing.,Sad,Melody,"[Ilaiyaraaja, Mysskin]"
169,Pirai Thedum,Pithamagan,2003,"[Ilaiyaraaja, Vijay Yesudas]",A sorrowful tune that evokes loneliness and despair.,Sad,Folk,"[Ilaiyaraaja, Bala]"
170,Sollividu Sollividu,Kuruthipunal,1995,[Hariharan],A tragic song with themes of loss and deep anguish.,Sad,Classical,"[A. R. Rahman, P. C. Sreeram]"
171,Neeye Neeye,M. Kumaran S/O Mahalakshmi,2004,[Karthik],A melancholic song about the painful loss of a loved one.,Sad,Melody,"[Srikanth Deva, M. Raja]"
172,Kanave Kanave,David,2013,[Anirudh Ravichander],A song filled with the despair of shattered dreams.,Sad,Melody,"[Anirudh Ravichander, Bejoy Nambiar]"
173,Aaromale,Vinnaithaandi Varuvaayaa,2010,[Alphonse Joseph],A soul-stirring song of heartache and longing.,Sad,Folk,"[A. R. Rahman, Gautham Menon]"
174,Idhayam,Billa II,2012,[Shweta Pandit],A moving song about inner turmoil and emotional conflict.,Sad,Melody,"[Yuvan Shankar Raja, Chakri Toleti]"
175,Uyire Uyire,Bombay,1995,"[Hariharan, K. S. Chithra]",A touching love song filled with sadness and yearning.,Sad,Melody,"[A. R. Rahman, Mani Ratnam]"
176,Oru Deivam Thantha Poove,Kannathil Muthamittal,2002,[Chinmayi],A melancholic tune expressing the pain of separation.,Sad,Melody,"[A. R. Rahman, Mani Ratnam]"
177,Mudhal Mazhai,Bheema,2008,"[Hariharan, Mahathi]",A heart-rending melody about love and loss.,Sad,Melody,"[Harris Jayaraj, Lingusamy]"
178,Evano Oruvan,Alai Payuthey,2000,[Swarnalatha],A sad melody about the loss of love and hope.,Sad,Melody,"[A. R. Rahman, Mani Ratnam]"
179,Kangal Irandal,Subramaniapuram,2008,"[Benny Dayal, Bellie Raj]",A melancholic tune with themes of lost love.,Sad,Folk,"[James Vasanthan, Sasikumar]"
180,Aval Ulaga Azhagiye,Kaaviya Thalaivan,2014,[Haricharan],A tragic love song about unfulfilled dreams.,Sad,Folk,"[A. R. Rahman, Vasanthabalan]"
181,Pookkal Pookkum,Madharasapattinam,2010,"[Harini, Roop Kumar Rathod]",A haunting melody about the pain of separation.,Sad,Melody,"[G. V. Prakash Kumar, Vijay]"
182,Nenjil Nenjil,Engeyum Kadhal,2011,[Vijay Prakash],A sad melody about the distance between lovers.,Sad,Melody,"[Harris Jayaraj, Prabhu Deva]"
183,Ennodu Nee Irundhaal (Reprise),I,2015,[Chinmayi],A reprise version filled with sorrow and emotional depth.,Sad,Melody,"[A. R. Rahman, Shankar]"
184,Uyirum Neeye,Pavithra,1994,[P. Unnikrishnan],A song that expresses deep sorrow and loss.,Sad,Classical,"[A. R. Rahman, K. Subash]"
185,Ondra Renda Aasaigal,Kaakha Kaakha,2003,"[Bombay Jayashree, Karthik]",A sad tune about unrequited love and desire.,Sad,Melody,"[Harris Jayaraj, Gautham Menon]"
186,Unakkena Iruppen,Kaadhal,"2004,[Haricharan]""","A melancholic song of love, loss, and promise.",Sad,Melody,"[Joshua Sridhar, Balaji Sakthivel]",
187,Munbe Vaa,Sillunu Oru Kaadhal,2006,"[Shreya Ghoshal, Naresh Iyer]",A touching love song with undercurrents of pain.,Sad,Melody,"[A. R. Rahman, N. Krishna]"
188,Vizhigalil Oru Vaanavil,Deiva Thirumagal,2011,[G. V. Prakash Kumar],A heartbreaking melody about longing and love.,Sad,Melody,"[G. V. Prakash Kumar, Vijay]"
189,O Butterfly,Meera,1992,"[K. S. Chithra, S. P. Balasubrahmanyam]",A sorrowful song about the fleeting nature of happiness.,Sad,Folk,"[Ilaiyaraaja, P. C. Sreeram]"
190,Engae Pogudho Vaanam,Kochadaiiyaan,2014,[S. P. Balasubrahmanyam],A reflective song about life's unpredictable paths.,Sad,Melody,"[A. R. Rahman, Soundarya Rajinikanth]"
191,Nila Nee Vaanam,Billa II,2012,[Shwetha Mohan],"A soft, emotional track about separation.",Sad,Melody,"[Yuvan Shankar Raja, Chakri Toleti]"
192,En Anbe,Sethu,1999,[Sriram Parthasarathy],A heart-wrenching melody about unfulfilled love.,Sad,Folk,"[Ilaiyaraaja, Bala]"
193,Suttrum Vizhi,Ghajini,2005,[Sriram Parthasarathy],A melancholic tune filled with longing and love.,Sad,Melody,"[Harris Jayaraj, A. R. Murugadoss]"
194,Nenjukkul Peidhidum,Vaaranam Aayiram,2008,"[Hariharan, Devan]",A love song laced with sadness and memories.,Sad,Melody,"[Harris Jayaraj, Gautham Menon]"
195,Uyirum Neeye,Pavithra,1994,[Unnikrishnan],A poignant melody about the loss of a loved one.,Sad,Classical,"[A. R. Rahman, K. Subash]"
196,Minnale Nee,May Madham,1994,[S. P. Balasubrahmanyam],"A heartbreaking song of love, longing, and waiting.",Sad,Melody,"[A. R. Rahman, Balu Mahendra]"
197,Narumugaye,Iruvar,1997,"[Unnikrishnan, Bombay Jayashree]",A soulful melody filled with emotions of separation.,Sad,Classical,"[A. R. Rahman, Mani Ratnam]"
198,Thuli Thuli,Paiyaa,2010,[Haricharan],A song about the pain of love and longing.,Sad,Melody,"[Yuvan Shankar Raja, N. Lingusamy]"
199,Vaaji Vaaji,Sivaji,2007,[Hariharan],A song filled with grandeur but underlying emotional pain.,Sad,Melody,"[A. R. Rahman, Shankar]"
200,Kangal Irandal,Subramaniapuram,2008,"[Bellie Raj, Deepa Mariam]",A melancholic tune that evokes deep sadness.,Sad,Folk,"[James Vasanthan, Sasikumar]"
201,Ennai Thalatta Varuvalo,Kadhalukku Mariyadhai,1997,[Hariharan],"A song of longing and love, set against a backdrop of sadness.",Sad,Melody,"[Ilaiyaraaja, Fazil]"
202,Idhayathai Yedho Ondru,Yennai Arindhaal,2015,"[Chinmayi, Karthik]",A sad melody about the pain of love.,Sad,Melody,"[Harris Jayaraj, Gautham Menon]"
203,Oru Paadhi Kadhavu,Thirumanam Ennum Nikkah,2014,"[Shweta Pandit, Abhay Jodhpurkar]",A heart-wrenching melody about separation.,Sad,Melody,"[Ghibran, Anees]"
204,Kaathalae Kaathalae,96,2018,"[Chinmayi, Govind Vasantha]",A soulful song about love and its bittersweet nature.,Sad,Folk,"[Govind Vasantha, Prem Kumar]"
205,Nenjukkul Peidhidum,Vaaranam Aayiram,2008,"[Hariharan, Devan]",A sad melody about love and the passage of time.,Sad,Melody,"[Harris Jayaraj, Gautham Menon]"
206,Kadhal Rojave,Roja,1992,[S. P. Balasubrahmanyam],"A sad, poignant song about unfulfilled love.",Sad,Melody,"[A. R. Rahman, Mani Ratnam]"
207,Nee Paartha Parvaikku,Hey Ram,2000,[Asha Bhosle],"A soulful, sad song about longing and unfulfilled desires.",Sad,Classical,"[Ilaiyaraaja, Kamal Haasan]"
208,Aayiram Kannumai,Anbulla Rajinikanth,1984,[K. J. Yesudas],A heartbreaking song that evokes deep emotion.,Sad,Melody,"[Ilaiyaraaja, S. P. Muthuraman]"
209,Poongatrile,Uyire,1998,[Sadhana Sargam],A song filled with yearning and melancholic love.,Sad,Melody,"[A. R. Rahman, Mani Ratnam]"
