User ID,Rowdy Baby,Vaathi Coming,Enjoy Enjaami,Why This Kolaveri Di,Aalaporan Thamizhan,Vaseegara,Marana Mass,Kannamma,Dippam Dappam,Anbe Anbe,Otha Sollaala,Mukkala Mukkabala,Maya Nadhi,Kannaana Kanne,Kaatru Veliyidai,Kalyana Vayasu,Danga Maari,Aathi,Selfie Pulla,Aathi Enna Nee,Thani Oruvan,Oru Naal Koothu,Vennilave,Mental Manadhil,Kutti Story,Pudhu Vellai Mazhai,Unnai Kaanadhu Naan,Adiye,Uyire,Kadhalan,Appadi Podu,Usure Pogudhey,Nenjukkul Peidhidum,Saarattu Vandiyila,Maduraikku Pogathadi,Dhevathaiyai,Un Perai Sollum,Ayyayo,Ennamo Yeadho,Mundhinam Parthene,Oru Devadhai,Adiye Kolluthey,Pookal Pookum,Hasili Fisiliye,Annul Maelae,Kangal Irandal,Vizhiyil Vizhuntha,Sutrum Vizhi,Unakkul Naane,Naan Varuven,Aariro Aarariro,Oru Kal Oru Kannadi,Engeyum Kadhal,Yedho Ondru,Vizhi Moodi,Vaazhkaiye Vesham,Oru Maalai,Aathi Chudi,Oru Chinnam,Akkam Pakkam,Yaaradi Nee Mohini,Kadhal Valarthen,June Ponaal,Poovukkul,Manjal Veyil,Unn Perai Sollum,Enna Idhu,Sakkarakatti,Uyirin Uyire,Munbe Vaa,Devathaiyai Kanden,Suttum Vizhi,Kaatre En Vaasal,Kannaalane,Sollamal Thottu Chellum,Uyire Uyire,Anbe En Anbe,Ragasiyamai,Oru Thadavai Solli,Azhagiya Theeye,Manmadhane Nee,Devathai Pol Oru Pen,Kadhal Sadugudu,Mudhal Mudhal Mazhai,Sakkarai Nilave,Oru Naalil,Thaniye Thananthaniye,Kannai Katti,Ennavale Adi Ennavale,Enge Enadhu Kavithai,Vaaji Vaaji,Kannathil Muthamittal,Sandai Kozhi,Konjum Mainakkale,Kannum Kannum Nokia,Narumugaiye,Pookkalae Satru Oivedungal,Vaaya Moodi Summa Iruda,Elay Keechan,Anbin Vaasale,Po Indru Neeyaga,Oodhungada Sangu,Ennodu Nee Irundhaal,Unakkenna Venum Sollu,Mersalaayitten,Azhagiye,Danga Maari Oodhari,Nee Sonna,Aathichudi,Kaara Aattakkaara,Enga Pona Raasa,Irumbile Oru Irudhaiyam,Boomi Enna Suthudhe,Yele Yele,Anandha Yaazhai,Oore Oore,Kanave Kanave,Neeyum Naanum,Kadhal Ara Onnu,Yaarumilla,Chillena,Kannukkul Pothivaippen,Velai Illa Pattadhaari,Amma Amma,Ithu Kaadhal Kaadhal Kaadhal Da,Vizhigalil Oru Vaanavil,Nenjukkule,Unnai Pol Oruvan,Idhazhin Oram,Vinnai Thandi Varuvaya,Yaaro Ivan,Kadhal Anukkal,En Fuse Pochu,Kutty Story,Chellamma,Rakita Rakita,So Baby,Oru Manam,Polakatum Para Para,Meherezylaa,Jalabulajangu,Pathala Pathala,Arabic Kuthu,Two Two Two,Naan Pizhai,Vaa Vaathi,Marakkuma Nenjam,Yenjathe,Private Party,Ponni Nadhi,Thumbi Thullal,Thandatti Karuppayi,Vizhiyile,Aga Naga,Rendu Kaadhal,Sol Sol,Chilla Chilla,Mayakirriye,Veyyon Silli,Breakup Song,Sandhanam,Oru Jaathi Oru Matham,Soul of Varisu,Manasil,Anbarey,Jolly O Gymkhana,Etharkum Thunindhavan Title Track,Mudhal Nee Mudivum Nee,Yaathi Yaathi,Master the Blaster,Unna Nenachu,Adchithooku,Yaar Azhaippadhu,Anbe Aaruyire,Pirai Thedum,Sollividu Sollividu,Neeye Neeye,Aaromale,Idhayam,Oru Deivam Thantha Poove,Mudhal Mazhai,Evano Oruvan,Aval Ulaga Azhagiye,Pookkal Pookkum,Nenjil Nenjil,Ennodu Nee Irundhaal (Reprise),Uyirum Neeye,Ondra Renda Aasaigal,Unakkena Iruppen,O Butterfly,Engae Pogudho Vaanam,Nila Nee Vaanam,En Anbe,Suttrum Vizhi,Minnale Nee,Narumugaye,Thuli Thuli,Ennai Thalatta Varuvalo,Oru Paadhi Kadhavu,Kaathalae Kaathalae,Kadhal Rojave,Nee Paartha Parvaikku,Aayiram Kannumai,Poongatrile
User1,4,4,3,2,4,2,4,2,4,4,2,2,2,5,2,5,4,3,5,5,2,5,5,5,2,5,4,4,4,5,3,3,4,1,4,4,4,4,5,5,5,5,5,2,3,5,5,4,3,4,5,4,3,4,4,5,5,3,5,5,4,5,5,5,4,5,3,3,5,5,5,5,3,5,2,3,2,5,5,2,5,3,4,4,5,5,3,3,5,2,3,5,2,3,3,2,5,3,5,5,5,5,5,5,5,3,3,3,4,2,2,4,5,5,3,2,5,3,5,5,3,3,5,5,5,5,3,2,5,5,5,5,3,1,1,1,4,4,4,5,2,1,3,5,3,1,2,4,1,4,4,2,3,3,3,4,2,3,4,4,2,1,2,2,4,2,1,5,4,4,5,2,1,4,4,4,4,4,4,3,4,5,5,4,4,5,2,4,4,3,3,5,3,3,4,2,4,5,4,4,3,3,3,3
User2,5,5,5,2,5,1,5,2,5,2,2,5,2,3,2,3,5,2,5,2,5,5,5,4,4,5,3,2,5,2,5,2,5,2,4,4,4,5,5,2,5,3,5,2,5,3,2,2,3,5,2,3,2,3,5,2,3,3,3,3,3,5,2,1,4,2,3,1,1,3,4,5,4,3,5,3,3,1,3,4,4,2,4,4,4,3,4,2,4,3,4,4,4,3,4,1,4,5,4,4,5,3,5,4,4,1,4,1,3,2,3,4,3,4,4,4,4,2,3,5,4,4,2,4,5,2,5,2,2,3,5,1,4,1,3,5,2,1,1,1,5,4,3,3,1,1,1,1,4,3,3,2,4,2,2,4,5,5,2,1,4,2,5,4,3,3,3,2,3,3,3,3,3,1,5,5,5,5,4,3,3,3,5,1,1,5,1,4,1,1,1,2,5,4,1,4,2,1,1,5,4,3,2,2
User3,3,3,2,2,4,4,5,3,2,2,1,1,5,4,2,5,5,1,4,5,5,5,5,4,5,2,3,4,5,3,2,1,3,1,3,5,2,3,3,1,3,3,1,2,4,3,5,5,3,3,3,1,5,4,5,2,5,1,2,3,1,2,5,3,2,1,1,2,2,2,1,5,4,5,5,3,3,3,5,3,2,1,1,3,4,2,4,4,5,3,5,5,5,4,1,2,1,5,2,3,5,3,3,3,5,3,4,2,5,1,1,1,3,4,3,2,2,5,5,4,5,4,3,2,5,1,1,1,2,5,3,4,1,4,2,3,2,5,5,5,2,2,5,3,5,1,2,2,5,3,5,5,5,3,1,2,3,5,3,3,3,2,1,5,2,4,5,1,1,4,5,2,5,4,3,5,1,4,5,5,3,3,4,3,3,5,2,3,1,5,3,4,2,5,3,4,2,2,3,5,1,2,4,3
User4,1,2,3,4,1,4,5,3,4,5,3,1,3,3,5,4,2,1,4,5,5,4,4,1,3,1,1,4,3,3,3,1,1,5,4,2,3,4,5,3,5,2,1,4,1,5,4,4,5,1,3,5,5,5,5,4,4,2,2,1,4,4,5,1,2,2,2,5,4,1,4,1,5,5,2,3,4,1,1,5,4,5,5,5,4,2,2,3,1,2,2,4,5,5,5,4,5,4,5,5,1,4,2,3,4,5,4,3,3,3,2,3,3,2,2,3,5,4,2,5,5,3,1,3,2,4,1,5,4,4,2,1,3,4,1,3,4,1,1,1,3,5,1,4,1,3,1,5,3,5,2,2,3,4,2,1,1,4,2,4,2,5,3,3,1,1,2,1,5,2,4,2,4,5,5,1,2,1,2,2,5,4,4,3,2,3,4,5,5,4,5,1,5,5,2,4,2,4,2,4,5,3,3,5
User5,3,5,1,2,2,4,3,2,3,1,4,1,2,1,1,3,2,3,4,4,1,3,5,1,5,4,2,3,5,1,3,5,2,1,2,4,1,4,3,2,1,1,3,4,2,1,2,4,4,1,3,1,3,4,5,2,3,3,3,4,5,3,4,4,5,4,5,1,1,3,2,3,2,2,3,2,2,2,4,3,3,5,2,4,3,1,2,2,3,3,4,2,3,2,4,1,5,4,5,4,5,4,3,4,1,4,4,5,4,3,3,5,2,2,5,3,4,5,2,1,2,3,1,1,5,2,5,2,4,5,2,1,1,1,3,1,2,4,2,5,1,2,1,4,2,5,5,1,5,4,2,1,3,1,4,4,5,1,2,1,3,3,1,2,1,3,5,2,4,4,2,4,3,5,3,2,5,2,2,3,5,2,3,4,1,1,5,1,3,1,4,3,2,2,2,3,1,4,4,4,5,5,1,5
User6,3,3,5,4,4,1,2,3,4,5,5,3,1,1,2,2,4,2,1,3,4,4,4,3,4,2,3,4,5,2,5,3,2,5,4,5,5,2,1,1,2,2,1,1,4,2,1,4,4,3,1,2,5,4,5,2,2,2,4,2,2,1,4,5,1,4,4,5,1,5,4,2,1,4,1,1,4,3,1,2,4,3,5,2,4,4,1,5,2,1,2,4,1,3,5,4,1,1,5,1,1,4,2,1,3,4,3,2,2,3,5,5,5,2,4,5,3,2,5,2,5,5,1,2,4,3,3,4,3,4,4,3,4,4,2,4,1,3,5,2,1,4,1,3,1,1,2,2,3,4,4,2,3,4,1,2,3,3,1,5,5,3,2,2,4,5,1,4,4,4,1,5,3,5,1,5,1,2,1,4,3,3,3,2,4,2,1,4,3,2,3,1,5,2,1,4,2,2,1,3,2,1,2,4
User7,5,3,4,3,1,4,5,1,2,3,5,2,4,5,4,2,4,5,4,1,3,5,1,2,5,1,1,2,4,1,3,1,4,4,1,3,3,3,5,5,2,3,2,5,3,3,3,5,4,3,4,1,2,3,1,5,2,1,4,2,2,4,4,2,3,1,1,1,5,2,3,1,2,5,1,2,3,5,3,1,5,2,4,2,4,5,5,5,4,5,1,3,5,5,3,4,1,4,3,2,3,2,2,2,3,2,1,2,1,5,3,1,2,3,4,4,1,3,4,4,1,5,3,1,1,1,5,3,1,2,4,3,3,5,3,3,1,3,5,1,4,5,3,2,4,2,2,5,2,1,3,1,3,1,2,1,2,3,4,4,1,3,4,1,3,4,1,3,4,4,5,2,3,5,4,5,5,4,5,3,5,1,5,4,1,5,1,2,5,2,1,3,1,3,4,3,5,1,1,1,4,3,3,1
User8,4,1,3,1,2,3,1,3,5,5,5,3,1,2,3,1,4,1,1,5,3,3,5,4,2,4,2,2,1,5,4,5,2,5,5,5,1,2,2,1,5,2,4,5,4,1,4,5,2,4,5,5,3,2,3,4,5,2,5,2,1,1,5,1,5,1,3,2,1,3,2,1,5,5,3,5,5,3,1,3,2,5,3,5,5,3,1,1,1,3,5,4,2,1,1,5,2,2,1,3,3,3,3,4,2,4,2,5,1,1,1,4,1,5,2,5,1,4,4,4,2,5,5,5,4,5,2,2,4,1,5,5,2,2,3,2,5,3,2,2,2,5,2,5,2,4,4,5,1,3,5,1,4,3,4,2,4,3,4,1,4,1,2,5,3,4,3,5,3,5,3,2,5,5,4,4,2,1,4,2,2,1,4,1,5,5,2,5,2,4,3,2,4,3,2,2,3,4,2,3,4,5,1,2
User9,2,1,4,2,5,2,2,2,5,4,3,2,3,3,1,5,5,5,3,1,4,4,1,1,3,4,1,4,4,4,4,5,2,2,5,2,1,1,3,1,3,5,1,4,4,1,2,5,4,2,2,1,4,5,4,3,4,5,1,5,3,1,5,5,3,3,1,1,5,1,5,1,1,3,2,5,1,2,3,2,5,1,3,3,2,2,5,2,2,4,2,5,1,2,5,1,2,2,3,3,3,4,3,2,2,3,4,1,4,4,4,5,5,3,4,1,5,5,2,5,2,2,2,5,2,4,2,5,5,5,1,4,4,1,1,5,4,2,1,3,5,5,3,1,5,2,3,4,4,1,1,2,3,1,3,1,2,1,4,4,4,3,3,3,2,5,5,5,2,4,3,5,2,4,5,2,2,5,5,2,4,4,3,4,4,2,3,4,4,3,4,3,5,4,1,3,3,2,3,5,5,4,4,2
User10,5,4,1,2,4,3,4,1,2,2,5,5,5,2,4,3,1,5,2,3,4,1,3,2,3,4,2,1,5,5,4,2,5,4,1,4,2,5,5,5,4,1,3,1,4,1,1,5,2,2,5,3,3,5,5,3,1,1,2,3,2,5,3,4,1,1,4,2,1,3,5,4,2,3,1,4,5,1,1,3,5,4,5,2,2,5,4,5,3,5,2,4,5,5,3,4,2,2,1,2,1,3,3,3,3,3,2,5,1,4,5,5,2,2,3,4,4,4,3,2,1,2,1,3,4,4,2,4,4,4,5,3,4,4,2,1,2,4,2,4,5,4,3,1,1,1,4,1,4,4,1,3,5,1,4,2,3,2,5,2,2,3,5,1,2,2,5,5,2,5,1,1,1,4,4,5,5,5,3,3,4,3,3,3,3,1,1,4,4,1,2,1,2,2,2,4,2,4,4,2,3,3,4,4
